timestamp_ms,acc_x,acc_y,acc_z,gyro_x,gyro_y,gyro_z,baro_m
0,-0.06640642663667046,0.0230475621460253,0.9983341801119798,-12.26078767149538,-1.4467651643005817,-17.097222054768235,99.98848431638294
20,0.0008521236743128018,-0.0016433824666508227,1.0224518452022429,-4.768204553978098,-0.6141506334342941,17.84180663367797,100.00987547091823
40,-0.08676444495604779,0.0346399688990179,0.9062235972581627,17.83370580648993,6.793002576775451,6.656260553395564,100.00259983294238
60,-0.03144612149965372,-0.07979422678928515,1.02377936694431,3.6365611179217554,5.165284744070158,-3.3873104010331994,100.02106112786542
80,-0.10709368338873662,-0.02448581767172646,0.9756645300762553,-13.550047373134639,20.53230460702312,3.528111420964356,100.0138736586516
100,0.032442483360513204,0.1079432539170286,1.0477358666064425,-25.606937475013577,-6.919861650070654,5.3993610569745565,100.04721350757073
120,-0.07000065808719458,-0.08847344756192414,0.9673849288612271,-8.512844974365137,-13.725172015982992,-20.52054967944028,99.96264935008196
140,0.030923675314161694,-0.004542807195622335,0.8998571645666655,8.385138383198868,-23.941163217264716,9.332895295202855,99.959826373255
160,0.044989102799306235,0.04720675538366798,0.9611283552146299,-25.257523215926682,-15.659563436134253,1.120734869178845,99.98735001046184
180,0.06592824473207948,0.001893597680756463,0.9850288725773209,0.9026418862699759,-3.2122699925591185,4.975329433199676,99.99812270365715
200,-0.002328146676699279,-0.03223238862831143,1.0978839078948601,4.8847621653616535,-0.38887452211996393,7.323061556234999,100.00571843220628
220,0.017138569366514957,-0.02252104606326215,0.9898093961785517,9.42240372097954,-4.453148264098392,-14.78996429730483,100.01422272208093
240,-0.03662199644185355,0.03572764019120966,1.129028519985043,-6.554498096664505,-19.990354597311686,1.792252910632242,99.97960915163253
260,0.011862370936341998,-0.004332138837261148,0.9790925937554191,-2.2878636434291897,6.634783441565707,-13.29229263510646,100.00455440867037
280,0.05749800941457424,0.06687106145315445,1.0066825267921788,11.211647392275545,-10.29827722044673,-11.209482063635821,99.96047135222175
300,0.04218154782545902,-0.003869588122112089,0.9574224809824476,-9.796550335657338,-8.869821431729466,-0.5753825734211722,100.00949634868259
320,0.004953660547018964,-0.0008097748133422885,1.0149463148567572,8.979425608994553,5.468904890600543,-0.8053966701065849,99.99574999270226
340,0.013767497631819932,0.013667501813603709,1.0587335535295883,23.06604565025296,5.387438636743352,14.869946098190528,100.01160704156386
360,0.0027482111141800057,-0.05365448510717791,1.0069499010428853,-4.947767201963794,-7.321079037750872,-5.921494934916112,99.99446030802001
380,-0.012441085610194193,-0.027432725393726612,1.0747415626835046,13.032790843373558,21.299503674897867,-3.6869919718430437,99.95187788192088
400,0.030193453872866267,-0.01383575485777029,0.8873861238903725,-4.688825926313161,0.8892293535804412,2.2671295651708228,100.02712732676217
420,0.03621425252538286,0.023729712369180016,0.9287484685914709,-5.242450526329314,-17.468876455011696,-15.23729659728109,100.02387008985632
440,-0.029556213987496128,0.052251493356492706,0.9964924091427517,12.117606136835796,4.817504033883825,-3.3886777161358816,100.02266162739163
460,-0.05275844977026592,-0.005385484283481728,0.9645936567721369,3.865968655567496,-6.102486304802847,-2.792844645872135,99.97734343850269
480,-0.02821934792712992,0.04047755942114573,0.9551556906605506,15.058108398146556,21.10457536633516,-6.242242857921369,100.00411617232218
500,-0.006695111375780516,-0.050032392433629294,0.9930072407396886,4.537673112306229,-5.766408328829229,20.926694700040784,99.99540764869185
520,-0.04834873194915852,0.009293320090770553,0.9678831423989376,-14.449902986544998,-19.762820074715467,9.103904180212403,100.01716031797977
540,-0.00804322579345626,-0.041937215473321375,1.031378775754466,-0.07593233809670821,-3.236754804721901,2.7231121009452126,99.9946212942475
560,0.014236849073061445,-0.014563229366824746,1.0552706433712196,2.374255201967968,-4.452615874592687,-2.066766057678258,99.95570523476262
580,0.06336019877544917,0.07760678464896413,1.1222219023851003,-3.4440987319324696,-3.0181526550181816,15.019109107333211,99.99468344260866
600,0.009225664408725487,0.031569850681312565,1.0299745634356143,-12.645761227405526,6.949258595493177,-1.0956620680493887,100.01639109332505
620,-0.06909240081271725,0.04402427251030905,1.0327603888087757,2.201700894475214,-1.3216098300734107,-10.363522356167103,100.01157781297033
640,0.05357912879095025,-0.012264987801018841,1.0699021768922348,-21.149265825061693,-21.881157681590096,10.577698472592953,100.02564157058849
660,-0.07757196261596547,0.011735710900431089,0.9430611121958113,14.619598504079882,-4.763859361715128,-9.885378683809416,99.99310567643549
680,0.0398751616161114,0.009139462788371659,1.1170953237704224,-18.477116846026647,7.784804229448123,-11.06147615894683,99.95631961410562
700,-0.04818090730959301,0.028703431009168334,1.0352334688912335,-18.024343962784954,-2.5070366424519577,5.00284789189519,99.96924874788739
720,-0.0036448595417180804,-0.03568927512361763,1.0303757938088682,-5.326174861075137,6.602726231061027,-19.15049540508248,100.01143372055733
740,-0.047546489615903846,-0.11741234895500635,1.0764986245892911,-14.215243187554389,5.070826385064094,-14.96011198958773,99.97984397422623
760,-0.07217031937004774,-0.02870274847920228,1.1174004876338124,-9.49046189040463,-3.0790671455944167,2.0686672643785875,100.0085094105736
780,0.008572854696440155,-0.031237653617899853,1.1034568754282656,17.286172596522366,-8.396144709600756,-1.5168482618521977,99.99084812147223
800,-0.004810937509568223,-0.051433565112900086,1.059996627616669,-17.113272380324652,-18.05240298122708,4.927979994025993,100.00999647114706
820,0.009270749437097096,0.03216080407507107,1.0183486274182456,0.11166409734886296,10.297666275507403,2.7602657390250793,99.99425383772511
840,-0.012049928155496957,-0.002522912161100692,0.9807769656858827,3.9352853770206027,-10.77790043842716,14.342420698170999,100.00311048367881
860,-0.026715241836239325,0.07976786431438515,1.004477309402318,5.7951893669815,24.135538267774407,-8.781936200599887,99.97818947732081
880,0.039541079256732586,0.03147907976356646,0.9087857491710576,10.923852696930647,-8.399425705486802,19.47664324900002,99.99803306310835
900,0.04455160522999865,0.0670158605614657,1.051505255039964,8.645863420845242,11.526554552672826,16.847820566185092,99.98729766292963
920,0.11867621363907409,-0.0006877845550256977,1.0102007965191129,-1.0663209082095477,11.01577730855972,-16.606120119077175,99.94963768805025
940,0.050308264238396586,0.053690572710277745,0.944401176352824,1.690988080727231,-0.553317044816531,-0.2162188843521482,100.00929277546702
960,0.04603851733973817,0.03565853091616047,1.0428487847333818,-17.396480306083088,-4.415613853633106,7.503558177801832,99.97272718728462
980,0.03796186623555065,0.017089312214980803,1.0433166958751792,-24.882245487472204,-9.33399007806418,-7.868730250635119,99.99606445164103
1000,0.034680019055783294,0.0033801113135817776,1.0172823808482738,-2.4091746687403393,5.018643185402865,0.06479952529102696,100.01989290214223
1020,0.04623867545607467,0.02699576812655844,1.0170150395825157,16.097835007721358,7.746878466578401,-18.88133949251058,100.01937245247531
1040,-0.019577990903722975,-0.006549691848543409,0.9962729484117027,1.436651835588104,7.81830577476366,-7.394367935406052,100.02754487021352
1060,-0.07885807330719613,-0.007662189008431317,1.0879648409058844,11.744283737384878,20.078479346260487,-0.7188704082916324,99.99396960867345
1080,0.044162855324261834,-0.010779282056117029,0.9682073614653137,6.446969285459377,-22.640087561125128,-8.57737476976999,100.00574592250246
1100,0.017548647331323438,-0.0895728305491876,1.0602619696932576,11.876025948515263,-12.667810770061454,3.115417031977341,100.01084447027219
1120,0.013414196645786134,-0.046897580697401575,0.9784945129427717,6.799780642397304,-2.3294628861362314,12.343400354367107,99.98067532701354
1140,0.027187397318791984,-0.02124664018061659,1.0041621327093817,-4.305481419369562,19.197687021200984,-21.38935273363861,100.00817242348595
1160,-0.04142129561301671,-0.02294637869086542,0.9650538194921938,-3.2399958167035647,-4.485169144675698,0.7569392791419922,99.9873335266331
1180,-0.048922279997366674,-0.005095111514052672,1.0493509148670068,13.724515633030148,-11.280226224243851,10.502839171518733,100.01023971670638
1200,0.014151065225725477,0.03319492290425504,1.101632375056691,-2.588863351359167,-4.280626905095659,-11.873614610503708,99.99548551350077
1220,-0.001318921690253203,0.003608438007532515,0.9959953349896487,3.488922595096473,18.574902411504148,-6.558619981959705,100.01133339644667
1240,-0.004545488459097626,-0.120808275770463,0.953961223921679,-8.249790599784138,-22.145936881825463,-23.807634522068433,100.03475053707025
1260,0.037097481680435355,0.0075085957770212805,0.8755814614892223,-15.266770545270694,6.839385418734122,-12.46677292518374,100.01193617640465
1280,-0.07674770808183981,-0.012108104369657504,0.968789980825477,-14.10666602388143,-7.581337200687779,-5.324433028227481,99.9776587433123
1300,0.06704065245399204,-0.18359910779898247,1.0731516508264198,-15.5252519671559,-19.300293678400156,0.6786048355765646,100.01492513663042
1320,0.027461499049059243,0.024880760352731252,1.1163361683998692,7.512512326482801,-7.874622591405991,7.101697061415948,99.97935584044866
1340,0.05297946558773216,0.02927515764671983,1.0649050407923508,7.720202378765903,8.359618565789436,11.42555743236914,99.99218650677669
1360,0.0034126844243864206,-0.05407209808423348,1.0039847861366458,-4.794721226575669,-6.241055147307172,-9.664287550303895,100.01654593141012
1380,0.0221588116958685,0.06182551921400155,1.0195441048853786,10.956275617871109,5.750510786745551,-25.836732793775713,100.01757634625758
1400,-0.04973408662518719,-0.028237477300318004,1.01902494167523,6.272733238214322,9.603088871792794,0.5913853674678764,100.03650236809567
1420,0.04293438102160917,-0.0061472810166769785,0.9338458227521369,-0.3176695461084743,5.168519185166119,0.8556747499847117,100.00401026201916
1440,-0.03518510491293431,0.08484867503501914,0.9734708906894789,-10.00617713196103,23.086727491418948,6.788809845654606,100.02830594722464
1460,0.05080811895509514,-0.018547863679059872,1.028638668116391,4.073980181797051,-26.84038572182991,6.100023898654386,100.01994406496796
1480,0.0011557527819450444,0.019144215485942404,1.01165811957305,-16.551850251746984,11.88253406609515,-0.41603817325202885,100.04396447650167
1500,-0.04074330283614865,-0.03690634668050533,1.0564224915483562,11.403120264504949,-3.093707171215894,-1.3985857123515864,99.98551062694571
1520,0.014352641913042724,-0.04046063123205094,0.9915864058266813,14.178906732468015,5.996039503186832,-3.7278470719237715,100.02520126572831
1540,0.008061391953753865,-0.03438216366205329,1.0626316260599047,10.202211515691474,-23.552555456053213,1.7676205032852628,99.99283691434904
1560,0.020687247485376946,-0.005941625573930481,1.0502744602078786,-5.136022300072211,22.893348932151362,1.3653353693272807,99.97538834611153
1580,0.0072907108029013476,-0.09997073860415642,1.046676949595735,-13.052935765139495,7.3640744813812,-17.65343542788541,100.01441358075803
1600,-0.056857661776843205,0.016926562407014928,1.0219510323063272,-8.209341054329503,11.044705506769617,18.124539277063654,100.00035632828312
1620,-0.08579655417048272,-0.024155859249518283,0.9609278328445936,-12.157349608601066,4.99989668197108,-3.0813640917902987,100.0223570997686
1640,-0.06874950605383913,-0.10510990567445973,0.960801717780043,-1.9106483376034213,9.035726305748508,15.843561849116998,100.02384863236253
1660,-0.0030330659824343497,0.052439727773221506,0.996846496838772,4.58477503209496,-0.31029865229450415,-4.380610139364948,99.95720442528648
1680,-0.10552749729895874,0.03681394791297058,0.9288588859104402,-6.044719806480833,14.18473303443875,19.062697392093284,99.97860740459095
1700,-0.059437077540012796,0.0949579117769427,0.99846863919836,1.4340283358427606,7.085184388998808,24.493825037411078,99.98128817587653
1720,0.018118157743617528,-0.02543277272306628,0.9531142279751098,-11.800395712686644,-24.17181455897346,-5.585247996898641,100.02658802144313
1740,-0.021054096303230144,0.05708932304933705,1.0289856544321507,17.68428622229888,-9.888332615608547,-13.662468764934491,99.99481651255427
1760,-0.03734059091734818,-0.014781495317653506,1.0162578443377885,-0.10913670826531677,8.027397941095126,-14.966205277394188,100.00973998839979
1780,-0.029110334991635508,-0.005595842798246049,1.1045463148929604,5.675664721170327,6.374363173403456,9.428572236689059,100.01718378226286
1800,0.0012819116876073091,-0.048472509366768536,1.0194093461369453,4.31790037534968,6.272499188903769,-10.56187777519487,99.97370348484814
1820,0.04747663957440189,-0.0014208128418657393,1.0863549380123612,14.705445825539336,9.402390441549596,4.329829270217735,99.97694724217251
1840,-0.01783917911284357,0.006911591928535087,1.0139581591075588,-18.3098312005906,-7.984574824165531,-28.00167039124213,100.00178634214171
1860,-0.05428113729685712,-0.024740429925919634,0.9082657477794833,4.643178273198156,5.431386011758025,-12.647656103077171,100.00100431656828
1880,-0.021548552824653906,0.03525193425298336,1.0247806697113584,16.73862138645778,20.674626676158024,4.196868095067076,100.00189076425852
1900,-0.08178537983238576,-0.0196200749474566,1.0911894055021572,-5.63693032498157,18.019863071793047,-7.018631068416486,100.01596200875949
1920,0.043775272189354585,0.0050749144772886425,1.0019421460049203,11.59859533716568,-15.400860586064542,19.640377421547793,99.99644399916878
1940,0.03331033057233827,-0.01433508591436905,0.9307327664029443,-1.49542554427616,-16.171500434922045,-5.970792403719013,100.00010494300842
1960,0.06907417953104253,0.08509105931315791,1.0154048473330604,5.129900629652627,-8.765532443609287,-1.2896325311328434,100.01182138735226
1980,-0.05421553924498647,0.03483672244159986,1.0040109104601327,9.614372290135169,5.987468292854042,11.99431241740337,100.0026126411995
2000,0.049410970443027,0.01263839770757504,0.9610341015610925,-1.0611587995874519,-11.670885214232273,4.434233790986312,99.99937578969471
2020,0.0003696792932250225,-0.0427298467603228,1.0025370512503256,24.760229860673043,-6.52910896196985,-24.12432300904669,99.99088351284148
2040,-0.11461842268876327,0.04775478002171274,0.9474929436624903,18.571348066974828,11.237504928620588,-15.07204798459135,99.97198220731971
2060,-0.026027219084795564,0.06942346517118494,1.0681740561344568,-16.45980085887527,-14.39952438792831,-7.055248000007844,100.00110204662698
2080,-0.03494137504197012,-0.0632010972850597,1.0227371462858421,11.290409060376536,-12.780947859855607,-5.997872539310647,100.01577707310655
2100,-0.05951249286038025,-0.022671021150625487,0.9542172772537876,-11.790102376078286,0.8933370966468602,-4.452485641563803,100.01077686829069
2120,-0.025754636969716967,-0.002784185499225622,1.0225686795494708,2.1100562727249605,11.853279761457198,22.037436905927024,99.98245875732701
2140,-0.02263283089215025,-0.039997692193433104,0.9766328344039151,-5.617251874998896,1.9509713367913828,-19.669675201054496,100.013010720497
2160,0.03898838083768852,0.00991908664213678,1.0120327324506162,24.105821681168337,-4.556117972079074,-5.217201703201691,99.97546092264292
2180,0.01116593450975751,0.05181247502208602,0.9942768858705473,-6.504455278197079,-1.5130147773008036,7.508025850012244,100.01145224027522
2200,-0.026556308748199715,-0.0030417244059146847,1.0623837739265665,-7.042877851085997,-2.1081845513886406,-3.5862541586269243,100.0077581426993
2220,0.022374944855212797,-0.041891516675106516,1.0789636532655773,-17.95198190741799,-12.902678022910372,-2.9981125078164865,100.01918484291004
2240,-0.01627573537575487,-0.005335096661758645,1.005683591990894,15.925980408757276,2.188220412998272,6.646949128084373,99.9941515831761
2260,-0.0019325403184128683,-0.05266292973499777,0.9781746997309596,-2.1880663810979737,0.5094570263548126,-4.545214550365458,100.00653983092873
2280,0.08002230271194041,-0.03655092728185425,0.9212045144683649,0.028877012160163834,9.485957417450274,1.3528225066725694,100.02576195226368
2300,0.033294786832593175,-0.08934025104897007,0.9867347006607059,8.763323680440974,4.426438145145367,-7.873844550632016,99.99890730238552
2320,0.017022891970861962,-2.2620961147320265e-05,1.0012329820767722,-15.97107305944908,-6.673126155247554,-4.861121055816071,99.96441674277878
2340,-0.11895384965104393,0.05612678800931675,0.9424761526431447,-0.06616695275254908,-0.4945143757719903,-14.81505280610001,99.97253041578018
2360,-0.016194219491385078,0.02736501633271439,1.0161566373659259,-20.965287246745817,4.710279589871968,11.028737135180524,99.97703122054729
2380,-0.0788072488107712,0.07279978461694342,1.0685966844007173,10.532380656515691,11.360405126508446,-10.95567838716953,99.98456648045388
2400,0.10698961432287749,0.04994828184546437,0.9680712105689382,-9.533210220453189,-10.811372394670355,-2.3572519729389794,99.97581351234443
2420,-0.001415440436456403,-0.06193459690932982,1.0086718199619762,13.969755021631446,10.003111110055006,-23.878517567610533,100.01592652819356
2440,0.04086664322279221,0.08223012030377312,1.0688661783108468,5.606385688940495,-24.412396546638462,10.619262582699657,100.00710035469513
2460,-0.04950113157720615,-0.00712334104378827,0.9372819663870848,5.412197350298577,11.637593160306109,29.745734201378465,99.9861744826334
2480,-0.07271989077388301,-0.051087149622940156,0.9252845788396117,-15.063868652468614,-9.891423723378502,1.7241763750853007,99.98423781315637
2500,0.03464021264695866,0.025543161436004276,1.0714817931875171,13.177004473830365,-1.8804201673922458,-7.397874048336636,100.02581904689809
2520,0.0005087929637072008,-0.0071426210406046915,0.9843406473525724,3.21149804397333,-5.875718222721407,-2.556244418821316,99.97980695399035
2540,0.0469512851117466,-0.054974840257762086,0.942868390545103,-16.118155143422264,5.677910631726352,-23.682910178974492,99.97959423388012
2560,-0.05064313149148765,-0.10471290134393202,0.9820166890841832,21.912740314327962,10.085221734771594,-9.581245262592113,100.00013869604742
2580,0.022571460035161802,0.005239345558830336,1.0486071974725566,-17.412552144795683,12.568345164884873,-26.47203811823381,100.00288198527008
2600,0.01977567452081966,0.015233405979332957,1.034255260169757,-4.778498370326778,8.002297782348926,6.877071338516724,100.00592274623372
2620,-0.03256115547756012,0.014390316151573206,0.9515520912027984,8.66411113923603,7.621324607002906,9.818674431549153,100.00036556945102
2640,-0.01564788015914138,0.11998597033427827,1.0300799873395974,13.676148714983245,-2.3285231078968684,7.651694952370656,99.9853277840225
2660,0.006817661129283996,0.024706087779066948,1.0453017247748695,0.7884316985443784,3.178720858232983,-22.430171489040312,100.02294427315961
2680,0.001082459961827993,-0.05797337019601744,1.001611485574803,-4.461926010298598,-3.567359633675613,-16.132680784967285,99.98961175437965
2700,0.0028038540395485395,0.006698800089836892,1.01325565332926,2.071942043583791,3.670653349480751,11.033097215291189,99.96936072306052
2720,0.06460445398141419,-0.07159868907209832,0.9914642117028911,15.821811111801498,-22.371926607727943,-7.284111929234182,99.95983478626117
2740,-0.04950404306244025,0.0810375243092833,1.0154304497926845,-3.160322749039425,-0.25605835223762624,17.52691032174691,99.9722744927123
2760,-0.039008920311892376,-0.031808968753923965,1.0087482795072071,9.194847981789229,-11.178109080023319,-5.676217384485338,99.95909294149092
2780,-0.026161635023769076,0.002016250028344382,1.0054403532251521,-9.074561687212729,-3.9181613233905583,-9.429514314197856,99.96931532512613
2800,0.015675202135796273,-0.020775116716680073,0.949278207195094,16.355791327475394,-21.75780187196481,0.7386694017345794,99.9684492032152
2820,0.024188630884351393,0.09711836958842485,0.9800320194806981,11.05853084831972,2.3847467800233724,-11.232400153329891,100.00383281149473
2840,-0.048031109204508704,0.04299087055307338,0.9566395050171107,7.535268244734369,-5.776746915039946,0.8011815245505989,100.03316046413103
2860,-0.06264666107257025,6.97110266306332e-05,1.0734875991918134,-0.9958235783860692,9.68246690946249,-11.434245934754731,99.99691222876774
2880,-0.044817628196969966,0.023808137222914062,1.028703020155671,-3.2788619106510275,-2.5242936093606496,-15.824573283339387,99.97335261790192
2900,-0.04379697657802467,-0.03657476677993284,0.9787625160442427,1.3392358440627887,-6.2159000645509,-0.7161233921484211,100.02204087014964
2920,-0.08047898543779518,0.017261593150083725,0.9179511539482239,-8.529228897784494,10.516902001615643,-14.838589528346368,100.00228923032645
2940,-0.053684238819557244,0.019336966421095392,1.0181017862471944,-3.173523846288396,1.1294957476424266,2.0509166029288313,100.01481496353843
2960,0.06003718093088402,-0.02496282861818398,0.8923818951843666,-3.188368656859586,-12.938838709676634,15.316998102470137,99.96351777627349
2980,0.1301973124787466,0.04850241474501028,1.054923020995796,17.17674714357208,-3.8453598898213377,1.489930983289403,99.98273745778481
3000,0.012629867268342976,0.04568632566268119,0.9815598274265293,8.264815509962785,13.906078118300947,4.5279193457353255,100.00730083167255
3020,0.023612410081919666,-0.11411283860706141,1.0557968777869964,-4.9052679716614485,-6.1283215175481836,9.103713880803635,100.01141809627579
3040,-0.005697179616819431,0.03425695269493439,1.0579575533132393,13.946407230338952,-0.8573697823957149,8.70527519492569,99.99537289328748
3060,0.05804914710033848,0.051784944000313894,0.9834217896788603,15.661579779230717,-19.23669315749615,-21.098096343630033,100.00198788012192
3080,-0.010396074490792008,0.011624458727728042,0.9798940087824516,3.0249240700057234,2.0111881213699356,8.656889699500974,99.9991488217577
3100,-0.029248623143024233,0.0879038742344373,1.0196512218625753,3.3635232703652536,19.67430390402666,21.334293137853393,99.99899157235645
3120,0.004861919819043975,-0.026713795603023595,0.8889951665990828,-11.778225280512686,11.28365060805916,0.15080936653928578,99.99313700983272
3140,-0.025552698909080757,0.0030252149095035125,1.0076848256651525,-4.049615869322629,-4.365847458458653,-2.9889965971007593,100.02032931571388
3160,-0.013969292157163617,-0.033007096260322236,1.0107485592805208,2.0065209257365835,-0.6173704676122499,-2.094080473859842,99.99550691550378
3180,-0.012416636631992417,0.0023354292522607335,1.0390387955142832,-32.371513673543035,0.44818772353418723,0.4411697977917224,99.99670086074026
3200,0.022987045723440687,-0.10010668752757741,1.028777792167573,12.479425891857892,-6.174141900528323,-19.940408572473384,99.9661069961904
3220,0.07864935488375875,0.05423016714848077,1.0182911476678014,-11.457459667395444,-6.154477355694519,-12.858753811529585,100.00930523498896
3240,-0.09281620973789134,0.07346441237067719,0.9583167167999522,-10.346155064097605,-15.322337352648962,14.6578310429446,99.9787182440456
3260,0.0478049637690076,0.07134602991089344,0.9733697966303565,6.046132993036933,2.8095973545950867,-12.018505150311551,100.01258214010926
3280,0.004262508384858243,-0.044827816859498895,0.9726111224836584,4.398313559259014,-5.583528619130749,5.884322998572959,99.96596872401845
3300,-0.03865674272458014,-0.01651179500251758,1.1258201886587536,-12.805857357497624,4.276215760667727,-4.426087428298416,100.00312556815808
3320,0.036026055731526375,0.02706799817700073,0.9252124404134796,0.0058203999368735045,2.5156930343122266,-4.188028614785738,100.00052776525602
3340,0.017740524329592743,-0.04958047986948473,1.0350389443331502,11.09763325806627,-12.829989744195515,-16.17567264018151,100.00536299538516
3360,0.010496483332141655,-0.06545259381839294,1.0665646615144846,-2.38479256928632,11.124652578598827,2.6926677088719155,99.9875444911932
3380,-0.03985205578139053,-0.0036245363740288594,0.9502705092344288,-12.458261574819904,21.265406810920492,-3.6709339347111634,100.01816587075706
3400,-0.034141244643426834,-0.05492451313250342,1.034136132467133,-5.886619177112438,-17.559432351480687,-0.6789145067713652,99.99685392776495
3420,-0.034712616018612,-0.005377502775356345,0.9831742053072066,-12.28802137257046,12.395413979430616,-17.241984551264373,100.00700867484774
3440,-0.06539326810177322,-0.04785913314089877,1.0354741978705577,-10.99556586607531,-3.9159796326730225,13.10391115716949,100.01945142297602
3460,0.013451783318796927,-0.05688512151992521,0.891960175873947,2.323307358634768,-17.15956759345582,19.89454547451739,99.97593301078847
3480,0.0011912419565222915,-0.01402326850346142,1.0472784443565548,-2.9440990170867543,-11.1919662515547,-32.3623030715083,99.9886637186576
3500,1.4751795774587642,1.4111907939094324,3.704293709363824,171.60389886014906,163.97151294056832,189.96495789686003,99.99813539842738
3520,1.5448830618012608,1.416578108040214,3.808448310516627,185.22294463856477,158.840601405826,177.2852500438669,99.98169977737761
3540,1.4815978139030894,1.4927203898511001,3.7552273427169625,190.17458219930677,186.63697135222515,183.68257016566895,99.96923761508212
3560,1.4521468691947006,1.5640466858291613,3.825288138848641,191.37407134393905,185.83146696673052,183.04624817515793,99.98219660860457
3580,-0.050962248781582044,0.08314715612872367,1.0141979013413451,1.8342418651472379,1.597565061754914,-15.046466859709204,100.00063973917719
3600,0.03153710019805155,-0.020261290569734258,1.0808253503036003,11.155156640297744,12.303060805529526,-11.709656245893672,99.98893948474965
3620,-0.03557793737690397,-0.030090856209645186,1.0174046654621884,6.7598145579417555,-5.585427116517144,-2.5117068275676275,99.99940868932279
3640,0.09046849570232697,0.05646855191918391,0.9732863489340541,-2.643896550219983,-5.032684815825123,7.008744094221554,100.00444258004998
3660,0.05514212116570849,0.001060728198100011,1.1010395912570188,0.2302753829845138,-8.3797647887482,22.586855934217063,99.99428970035972
3680,0.09321935429495434,0.0329608578867149,0.9884472207155679,0.06962372934438607,-3.387631057549342,-3.3817351224438488,99.98454822386094
3700,-0.012116183302852345,-0.01808115365645802,1.0568643284334163,-2.14635783168169,-14.352021484287956,-12.03099706239429,99.98073743531613
3720,-0.08384919268471946,0.05573758980556185,1.001355795061291,-13.536614479581102,-13.718178700543872,-0.5402255463751888,100.00312207515334
3740,0.12005414742605139,0.05429087659938025,0.9927946717667905,-11.90202654077067,22.14107079381383,24.893748931212002,99.99350601669524
3760,-0.017064338055214578,-0.04420465568820927,1.017511982675657,5.266782076236643,19.057679697069833,-11.869701245270445,99.9893165359436
3780,-0.08996193127722724,-0.03438053859451402,0.967366820127635,-16.838807107024614,15.443814757667393,9.327036670724423,99.95554797073676
3800,-0.011061054688426811,-0.05544345872654695,1.0200900276216989,-4.771013878921412,-2.665906515589116,3.677375246920422,99.99301579203758
3820,0.027439303024520967,0.04617973191365688,0.9889626377391523,11.15284570178014,12.534770972949229,2.302704646091639,100.0034787646153
3840,-0.03109081930014866,0.0615833843581457,0.9574998165890946,-3.0536551996234302,11.590308297912397,11.335204296505529,100.01129509756744
3860,0.054021443050668305,0.004624011612155285,1.060499833122966,6.392502578108039,-4.104678055128779,3.588346309960312,100.00328008360268
3880,-0.010016580847745222,-0.06590877743165383,0.9903076100094429,-14.269431998210896,-0.6529711292433443,7.7960700427160425,100.01405345567304
3900,-0.0017707735059351718,-0.009052113791244744,0.9950393936891528,-4.598540193397297,-8.520044578492852,-17.682653731967658,99.99708985243812
3920,-0.023097972632847987,-0.0287561920433101,1.0516633721444912,-8.13589394972178,-13.060486702862164,7.051020935254879,99.98719193568063
3940,0.012554216242624101,-0.15709933274917828,1.0167240079109445,0.5624559785110148,19.565790736257057,-7.249991532243413,99.99032025955628
3960,0.07815004208863696,-0.04765302168605033,1.0017814486107073,9.146830022656271,-4.234427770375171,-23.531215092769262,99.98623211938836
3980,0.03513249046653398,0.0402784237016366,1.0043531191000563,3.7651118213189942,9.370943223001424,-8.334067830479977,100.00472151578131
4000,-0.02572952676620769,0.025413073342171716,0.9743382473379458,12.989454406509797,6.071311378202859,10.267868890719372,99.99132619740314
4019,-0.1003229478261303,0.010645025470557663,1.0846836236845923,4.204003273034954,0.7540281683261185,8.474217863128349,100.00396163211707
4040,0.06276276228070869,-0.03705327953877276,0.9848913437632864,12.89666572167993,-11.996234934861702,4.139904698220948,99.97197702529253
4059,0.004015156151870203,0.07072450653465366,1.076542751012995,-7.09281641535047,-3.3521213061553046,-7.250578427155668,99.96866679430487
4080,-0.05712310154981137,-0.009153788436533417,0.989029571306612,-18.166030145846673,2.7952343575933236,-20.470300802518118,100.00024176426376
4100,0.02613044649330558,-0.014081981144915313,1.007004325239469,2.771672285913542,12.242975334140633,15.355094251585385,100.02519438193693
4120,0.02695004416244738,-0.01957785732985928,0.9642650444847964,-24.188530424167553,17.94409361737832,17.29011996477122,100.01265685486605
4140,0.04957565715329497,0.044064563977098375,0.986874632260561,6.5629719920678165,7.042032417570592,0.9724448727491628,100.00365495284748
4160,0.026453096444122682,-0.007625221856779921,1.0282308527775033,-9.157836853198829,-13.929489494971463,-20.17129576005726,100.01299835292939
4180,-0.08197706647388131,0.024521786147319365,0.9972778320688522,9.95638693315875,-13.900706961938823,-16.17242889671863,100.00458735999102
4200,-0.01522937563327653,0.0739284510816248,0.9680539175767349,11.536310847791613,-7.764992409817311,12.988029613921915,99.98387273345593
4220,-0.021328290944367584,0.07035993230491498,1.0324802018611756,-9.057009307578058,12.876814977514297,-5.683798334042498,99.97943101223007
4240,0.002437254369635946,0.04270471347460282,1.0248524846182947,-13.620113652134911,1.0930386715724316,-14.05294480810797,99.95841383744701
4260,-0.01091349988845687,-0.05009341264257359,1.0753305431273155,-7.418617948509068,9.60057280678993,-22.088960055703932,99.99670013206376
4280,-0.04174141089524495,-0.014273276720856591,1.0010262982123743,-8.689768056901725,-9.024993441935841,15.624967375416988,99.97329341336501
4300,-0.07897769113344474,-0.05010965429685206,0.9266937509585489,-23.570397411508367,6.665678677761539,31.23913574313474,100.0151416155538
4320,-0.004838038966034297,-0.04507117403034739,1.0014856873582434,-31.991849292665975,6.7298096008074975,8.97762337113641,99.98477624677375
4340,-0.04514347934590734,0.01218628229538349,0.975888256981569,-5.5797483396218,-1.7263014048909007,8.66810950950946,99.95590243358572
4360,0.038356964747590906,-0.052291265813243615,0.9778442899919265,-14.200502903283308,10.071090404484567,10.062670056366773,100.01007181440077
4380,-0.0638925553146133,0.03738362872298782,1.0650984712554723,-18.80560673725256,-12.882045619488366,-16.15250740317424,100.01287376081416
4400,-0.06983126527435295,0.00404155899127086,1.0445618508872938,0.9040008316741712,-15.953090125944147,11.166081843874055,100.01064249670276
4420,-0.12227289231611367,0.04221510395552301,0.8926251511492415,9.405480443332996,16.78797235615005,4.879424988125265,99.98917212517743
4440,-0.06802859164295147,-0.03255528348094909,0.9907195900522316,11.150361725742705,-1.9397892751272456,2.696596425665365,99.99314162601773
4460,-0.0005335313894897884,-0.07387506273495921,1.0469092127694803,12.85602219386076,-2.725221699391012,4.650689789244234,100.01878828864184
4480,-0.09731720553013468,0.035187004069326566,0.9376682026785688,5.726830031072383,13.036155006015512,-26.414228008733787,99.98680034160685
4500,-0.11825852512486466,0.014011049056253092,1.0659996968709788,8.238416979736876,13.389267708637906,12.624959776282514,99.9988042649841
4520,-0.02621688974151449,-0.09544351507329915,1.0226524444810463,-6.097337850142782,5.841064412683213,7.2420957708300735,100.00442815723956
4540,0.06307071862580073,-0.009906084089181116,1.0316472169814879,28.60584385243613,10.47531773450379,-9.39084109308779,99.99259788019226
4560,-0.007514803266285734,0.012100498268635875,1.0166199037313088,7.579118769048455,-20.841110483265,-14.473451521760637,99.9904267962481
4580,0.005261419699320121,0.0984702420403006,1.059486681066151,-4.578997150496187,-2.6723550181714377,13.312987561782645,100.00778430778023
4600,0.005350500891150564,0.01370793905948318,0.96702762169672,1.3602161704513538,-7.998686926676292,9.919217400998148,100.00032979075685
4620,-0.028738512549459923,0.023175745966263758,1.04945593462757,-1.8466648143264655,-4.586513604565784,-8.433961592109268,100.00570837346794
4640,0.014674146519711823,0.025294174160007146,0.9354622651132068,-2.29345573637367,9.264770842697148,-6.77291591018354,99.9894631660774
4660,-0.026487033485711575,0.04369773591438936,1.054410585595315,15.803003290341083,2.298188546054032,6.380679075191969,99.96775068379243
4680,0.054395885586400884,0.009243938904324617,1.0196596572229633,-25.81241071419894,-0.9492183178765994,-15.744302914556897,100.0097373607484
4700,-0.07230575714136295,-0.006059704642217626,1.0953011081303516,6.427890820477055,2.6020591917676787,-8.457239061942849,100.00122352242903
4720,-0.031688457951992204,0.04673199887861734,1.0681215516130362,-12.57384307145539,-0.669605521928248,2.355407623311074,100.01058422253273
4740,0.075241908527664,-0.0953556496800535,0.9320876289830156,-31.63003117193429,1.5554774145089874,9.306021178848077,100.01069662571706
4760,-0.05338055424841253,-0.002644470609147996,0.9274372148896843,-11.919074848157559,13.892900309987697,-1.3587019222861048,99.97375874666662
4780,-0.023577407303845048,0.06584161950443367,1.0659254950809038,-16.427402327557694,6.980115726375871,14.805317405610042,100.01232400528906
4800,-0.030891193319939055,0.12641643818402867,0.904134993031426,-0.9389304145545159,2.481078998066657,-4.011081774140038,99.97969123936169
4820,-0.02586118752233052,0.08332627752234464,0.9675734594584975,-8.342279259128823,0.4436903761059534,-11.24058338647427,100.01612926794711
4840,-0.10098039973584144,0.013826379673696912,0.9295215424369575,-5.6445202974555615,-2.192758258478092,-1.5345514778203073,100.02049699580623
4860,0.04074030716926171,0.06758830033216866,0.9834787946434598,3.2963919270068285,5.469668688662766,-0.6431848951617835,99.99924585657733
4880,-0.028182446469525647,-0.1667951689598849,0.9934667712081718,15.38241252059435,10.932608883375476,11.087411019849048,99.97775275506363
4900,0.05951870927117105,0.0465704671183041,0.8791372141586116,0.8344525835416741,-12.966178416520574,11.07866234071074,100.00992691244791
4920,-0.03265682265353713,-0.006880157466514967,0.9810676153438952,16.719210242853666,2.8248774504224965,-20.60768782501243,99.93823731856183
4940,0.096188918687832,0.010627519658411508,0.992132525398875,-5.028505022132701,11.005054828569456,-1.1174078470952264,100.00521788739857
4960,-0.05585589479198261,0.0061474176282728926,1.0196879839739148,5.2791627637112235,-12.289395897848856,-10.254893928966496,100.01912611336459
4980,-0.06590159247268183,-0.08499652025013912,1.0460462024565982,16.216823953886045,10.85556894272441,3.3301579021444794,100.00947126468799
5000,-0.03474083881879102,-0.013173884838222866,0.9779206494207161,7.376156206055132,10.494576926363344,-19.905239852780955,100.06125977406725
5020,0.022225647875058204,-0.029806280724019436,0.9963565094343141,-24.731981218126826,1.1614184768676712,-11.87130456717939,100.0213628641922
5040,-0.024375518212182264,-0.024984833303235372,1.0482042307119848,-1.1196282780179923,-12.510425040286412,17.687453940339175,100.00292236963449
5060,-0.024529273791415267,0.011566462459892568,1.045666456426392,-3.04318532317417,-17.810927739529696,2.2799044079973165,100.02559033113452
5080,-0.0062557953217000075,-0.02565318721572668,1.0918663563458346,-2.4333715523988015,-0.8479570909132261,18.5516316448537,99.99777053427323
5100,-0.03528031782654486,0.007647640078068692,1.0327886925682548,15.226049436312882,-3.860562107070635,16.360969351479028,100.01782906917482
5120,0.0066690566381556945,0.05970778107928169,1.0069608332565565,-0.4179601205994665,-5.603407710514691,-11.901968070349744,99.98922987367341
5140,0.014494531141664374,-0.004431404916051019,1.0311031968956232,-8.769000131698586,-4.6851884062757785,-2.3159391808716414,100.01024504132747
5160,0.006273026018073007,-0.03803332331711435,1.0325963617908358,1.763439072698334,-28.31572759945293,18.30453284825349,99.96863313357383
5180,0.029182229759278505,-0.04383564371373137,0.9533981276130236,0.5199456343177389,0.958956764632936,-6.407214471412149,100.01320490501988
5200,0.09155838631074975,0.006055550275812508,1.0234476494956797,-11.151755134134127,-5.055032851357099,7.435468757649309,99.98115448279778
5220,0.09830443398337381,-0.008732891301025994,1.03882206012613,-6.20054503081767,6.161498527741656,27.908609707667637,100.01514973163691
5240,-0.03026880395506166,0.028353878626680692,0.9442532848454691,0.5710564848585014,9.842654264226086,0.8649303700516271,99.95781545619914
5260,-0.08755635764459291,-0.013697585641168917,1.0218200007165945,-1.2351415477824417,-1.2413284141896783,14.868355045137125,99.99805558470547
5280,-0.012439019876618464,-0.029889617063636534,0.9520733219749036,4.877510878120236,6.123614491165055,-14.569291560826663,99.99533613252936
5300,0.02652734040833701,-0.004843482357592424,0.950407650216791,8.596800297684403,-6.631572660810118,-13.342747685038795,99.97680803836482
5320,0.008952148489122118,0.08552847527909721,0.9585899599189236,-21.33983276806528,-5.847726112010631,28.6923371991183,99.99994754099147
5340,0.010091708693853627,0.03270556282800029,0.9916146498063199,-24.280738509657642,15.05979754304937,17.629809672692303,99.97865106445246
5360,0.003908282275457089,0.0506824448133224,1.0002256253275597,13.15872920931458,-3.360263765596094,3.9311563618336915,99.98498820309315
5380,-0.032114876375571116,0.03520941734533506,0.9970033977803713,20.184440792143256,-1.046278035075537,-11.114773096575332,99.9999018492919
5400,0.03173608670363023,-0.023709805963031783,1.079836637727775,-5.798014145031403,2.359011777634396,-3.980004635804628,99.99936822767597
5420,-0.00313669689490714,-0.003238235545725473,0.933212475530222,-8.238647469873293,-2.9163187565433124,-2.0458931496498574,100.00617808270303
5440,-0.050757568881322816,0.031754730154278425,1.0149330924672393,15.326399763163947,-15.77900949829465,-7.797051244733858,99.97158503602466
5460,-0.06996752961735156,-0.039246462133417065,0.9635801594885068,-7.228649723713791,-6.247014957116687,-7.342597932674758,99.95995703349465
5480,0.005750892852200293,-0.06312945885788605,1.072700512769775,20.830641052674558,19.634603182895557,-4.547399836360987,99.99465260583922
5500,0.020931444828463278,-0.0062337444721620415,0.9228764610313773,13.310008882044388,-13.139503199213014,-1.2103859420627707,99.99222358888944
5520,0.009762908440367389,0.017293281606736367,1.0204610473296052,-0.8675872643335739,-15.781804478057513,14.928912566943433,100.00453515487966
5540,0.019714114422874168,-0.045983052489788775,1.011937185866234,1.8663094871812418,8.922452681747973,-21.981800624034136,100.02891603737363
5560,-0.10745606646244432,-0.002137084098779897,0.9313455419037893,-1.1107762347405765,-4.151503849569792,0.6258250833994816,99.99096022641532
5580,-0.042953779501817065,0.023678314063486708,1.0435101625401317,2.9433748186422477,-11.250480936625092,-2.7089741762244928,100.02184894467015
5600,0.08529463311912651,0.05243082458037587,0.9714278954064437,3.155138414753905,14.888284334553605,18.27781978577592,99.97971671518688
5620,-0.01770841830950166,-0.012372706954497579,1.0000866026234927,7.485926984265647,15.303182814345893,-7.590192337326765,99.98272752432786
5640,0.08136106881036403,0.012139037912645407,0.9138819082608397,-14.697221550449738,-10.870127720825927,6.6634456890365446,99.98968134533622
5660,-0.007681488513749334,-0.03378422687108319,0.981151981608147,-0.6336589931527241,-15.776696454762517,-1.0692685311356755,99.97251655012944
5680,-0.11483766197015022,-0.05461995659833427,0.9506212139492319,-0.845340203066415,-1.0001371599465005,-8.93096565022789,100.02377671323066
5700,0.0007508623532669384,-0.007684252536081517,1.0174043467851197,0.4871980344369871,7.531809472501448,0.26323451014127186,100.00398044208063
5720,0.034135309989876586,0.07877890789815739,1.02301318623333,-33.77399250432786,-12.167188672173442,-12.916274591599507,100.00657306236386
5740,0.01924082142182479,0.020622673487030983,1.0259021077246824,7.461804973426094,1.7095961367375287,22.544894942349085,99.98156664699759
5760,-0.06199659033700829,0.02690928134011804,1.0504250693998678,12.069149203725143,9.095510227554556,33.2882431440297,99.97679912838967
5780,0.04813103891124785,0.019825286595292667,1.0157929849516367,1.7220447055221655,-10.335189176809244,3.6725464989575007,99.99085046735777
5800,0.08239968434010497,0.05401650774432157,0.9748248150376645,4.855886920420742,0.21764539081565348,-9.2706212687644,100.03420296984805
5820,-0.019889243992885264,0.0881935545820432,1.017157518840455,21.714173608973557,-14.443153666866419,20.340616411909213,99.98599649902704
5840,0.05432861323087486,-0.08609807568813757,1.0556958222367445,-1.0225539220000446,-13.106916480635572,17.633947299064552,100.01528037048749
5860,0.002919698618689659,-0.044650445912845685,1.026364713981421,-5.1385424323531526,-3.0802509862169947,-3.1926344176577652,100.0029438796242
5880,-0.01551130813183014,-0.17010658225193537,0.9144899537357956,12.48934953627181,-6.5211801350438385,5.056476268812506,100.00912742297535
5900,0.026982226839040852,-0.11329148770963315,0.9709659121395634,-5.231085908090343,-13.51756214049924,-1.0682887400539485,99.99206569976118
5920,-0.0005497763071517357,0.05367909035127097,1.0007054488535176,-13.081166412051477,-12.823559222076696,12.538194192149584,99.97392378786004
5940,0.01634287696008223,0.038253081457682636,0.9705621834596039,-12.527857639446765,-4.111978274943918,-20.22576576183435,99.98977902246934
5960,-0.01157497016804548,0.023828214796938783,0.93645268846105,-17.911242794015052,-23.83718547082788,-2.6277663792583246,100.00209816814018
5980,-0.015392704419663356,0.022153696576461657,0.8927651406277457,-17.66825920136961,-11.301038149068546,3.331995928677195,100.00967319329902
6000,-0.06016363433836841,-0.04139868210273381,0.9700597108057335,-24.812151789336674,-4.616416816612225,-2.806137380289438,99.98691284285822
6020,0.05056252732894598,0.06018244084666652,0.9870603931122206,-3.164957527449241,-14.321032506763522,20.46168622470398,99.99000092380923
6040,0.01481802369235705,0.07965435148263972,1.0315184580403407,13.866456276832931,16.92865128386065,-12.847951700731866,99.97335001893853
6060,-0.0525430812864438,0.026461028069281085,1.0085742637294743,26.69598195420849,-2.835306057959336,13.792478392384927,100.00761984102435
6080,-0.06130393701537445,-0.004471621227744981,1.0186880444379347,-4.890351498405596,1.986895380275822,-14.982436093066761,99.98639031547155
6100,0.013858159322324735,-0.021548275820193818,0.9079372292620016,-4.756959425321434,-4.930335039976137,-14.957303255883653,100.01384059347521
6120,-0.04726938557690964,-0.03895936980321513,1.104581430847312,-10.017755942679173,-11.022599224389667,4.630414836426861,100.0158142102496
6140,-0.05050887653518446,-0.06436342191520648,0.948822305362188,-7.351763599591807,11.527353789692196,-4.198293464780782,100.04501778538867
6160,-0.0353307945449451,-0.006508735607858729,0.9854231169818205,4.542259087110807,7.66126553346428,9.8482772051706,99.98428476414644
6180,0.010529479569936828,0.01236609215113474,1.0160927131374689,14.065474715067204,-11.267544832561658,-5.211491629383221,99.98369182652492
6200,0.02414708316117669,-0.02666307351462023,1.0530280265227896,-10.954951327455493,9.247933830753812,-29.862316277956403,99.98911897988293
6220,-0.05531381297872942,0.07569827334005125,1.030688133753144,14.433236911388676,-14.980890144078863,2.1522953117967942,99.99795512016405
6240,-0.024811309694832473,0.033486211932453595,0.9679071461927344,-9.936629297331898,-0.11080412716613176,-8.021859900960235,100.04631050797504
6260,-0.0275404905325463,-0.060150924945236196,1.0394722537705077,-7.911777345645902,-12.042565513109773,-4.795546238935648,99.99659759954444
6280,0.013503726075776525,0.013290925619729428,0.9581046150663829,-2.22453234431267,-0.47670562760642354,26.836007457481653,99.97502537324776
6300,-0.018164264512161094,-0.030888750394636066,0.9511963820174493,15.475977313129302,-4.429399986672931,8.760856959359522,99.9630253288588
6320,-0.016807031027765065,-0.04742777522689609,1.0000829801372886,9.792518002681744,-1.2975595492995495,1.8929129972520382,99.99297326813728
6340,-0.04694965905206345,-0.024188791429834183,1.05803421381513,14.392234955472963,17.15993170562991,13.514739599585145,100.00612050607066
6360,0.02817863075741473,-0.00758049549001041,0.9487652710889973,15.968275773555767,-7.353207319886327,6.1847313425941195,99.98589233938938
6380,-0.03397663089436505,-0.08920074792034656,1.0523581923821004,-3.564215748351406,-3.2919885855219713,-9.070381628460975,99.98213097770818
6400,-0.05012165585005418,0.0013681341724227781,0.9747589872158201,-24.998735510368498,-21.00907538873443,-19.18241786735047,100.00244696771499
6420,0.013347877240573722,-0.05073508672638443,0.9444964963701263,0.8159219063343319,15.193321253420002,-7.903783849489759,99.9774243025161
6440,0.08924588318246121,0.023779011194882224,0.9092448522426535,-19.38877154742559,-24.961595092075118,5.742432067626535,100.01429191091829
6460,0.01929799022006079,0.09867845509767553,0.8826240671911817,14.201629860550455,16.819711316041385,3.3215071631386603,99.97712456745957
6480,-0.04500778702731412,0.02297387083226447,0.9281954289097304,-20.638723952123392,-26.883649650728657,0.9767965743475436,100.00181660549165
6500,0.10984197116513789,0.07536574708282376,1.0647831066364568,-13.491234590364758,3.1449601196323336,-20.455056210219997,99.9720115831796
6520,0.041962904589141134,0.026658799949371682,1.0278310612985662,1.0396408569690312,18.534735521619478,9.369846710489442,99.98880248124907
6540,-0.016140808499619626,0.023825376561599533,1.0484917949996693,6.284653808393609,-4.999763214779997,9.340801376432239,99.97474670483304
6560,-0.009588845617533495,-0.1226364434458541,0.9770349870782921,4.517636000639535,5.233285199308077,-9.204238383288132,100.00718705459204
6580,-0.024261379970301006,0.07719593175795417,1.0435669174398154,27.361756055125667,-11.930050355024871,1.1090928774786364,99.9619116406225
6600,-0.12709115643992583,0.10587153163152213,0.9614822891085141,1.4838611428723487,7.230572064375737,13.17565006975946,99.99319434689134
6620,-0.03292811106690858,0.08867213415234519,1.0051619821429596,4.0173333931599515,8.628887771644418,-0.7717574036777359,100.03338833763385
6640,0.02751617003578783,-0.04457221410601105,0.9447966030678991,-3.720731822881553,2.5918197542235215,-13.240614180971018,100.02957833776502
6660,-0.015572402816385939,0.07742350896337631,0.99275321889682,-3.4368723046426695,3.1276787501623717,-3.2378529490813994,100.0440610413201
6680,-0.008334214893860827,-0.028200588466975332,1.010344181200179,3.356911768788919,-21.72896041106917,-9.747658796237191,100.01316664878752
6700,0.04998712142029925,0.023079251322316443,0.9014364247146606,5.131905824706099,6.745367202925593,-10.874474354215044,99.99222477410086
6720,0.005482777272745899,0.09124667584321537,1.0266649621987063,-12.252074213274174,-11.528845986545946,-6.034083435765989,100.04380952338121
6740,0.07270171091864126,0.04094930180234577,0.988670367832885,-13.023505592675356,2.269309523228847,9.858401006861591,99.97522497736568
6760,-0.13313846343585065,0.0055787673641408755,1.0818529646813693,0.04889094810487896,-13.097144883213653,5.411536407930716,100.0083740549251
6780,-0.026268644095498724,0.04205186194065147,1.0006228703406488,11.228348462075864,3.061451890993486,-5.0904983062828855,99.99250144003251
6800,-0.057816289483245666,-0.07827729970552814,0.9356300706341445,-9.50975143904898,-14.785995289032606,-0.02125066483993606,99.98486622578028
6820,0.05846746746298162,0.02900954493338259,0.9384192478679515,23.453102576176374,-18.11050063851762,13.483999223448746,99.98620735029482
6840,0.013822266604388936,0.03213494413596756,0.9267410450057514,-12.161425711068546,10.57696879411537,-2.3619199517926313,100.01047708711718
6860,0.0744062382165686,-0.04125837428260667,1.0469189427577579,7.6932617614841305,-12.75698498992522,3.704168693189076,99.98561643180966
6880,-0.0048399238867095455,-0.07148090938530421,0.9658058763049417,18.33558469857086,0.7275510786580403,14.191331889429414,99.98936525712513
6900,-0.1024554912366847,0.02488695417306082,0.9452824402623259,13.129905746641668,23.250613692124457,-13.116979718637761,100.00354138864738
6920,0.04178416643857505,0.06761542350592692,0.9234199094357057,10.398765124748415,0.5246780880486172,-2.9134680189234983,100.03806265797037
6940,-0.07478963835159234,-0.021374003025728748,1.105401965772812,-3.5305332452337335,-15.446224230923224,-19.433454818442673,99.96180160317361
6960,0.018007432494571828,0.03227403491116606,0.9658646209482407,-21.885924271158412,-3.0644440637095687,-4.5299852798939755,99.99332509946306
6980,0.09211857983962124,-0.08493888324296589,0.9036265141230473,-6.29500445116766,11.555771390548891,-4.169063764078205,100.01600204044222
7000,-0.017749397938758203,0.02642444645027007,0.9987902049363222,12.404876838313314,15.567946625449249,-3.2496464955148094,100.0092572450613
7020,0.015623667961845347,0.037914191584082824,1.022871637144837,3.7332361014350814,-4.58072374243147,-9.221498844668117,100.03629758225121
7040,-0.12288670849098865,-0.02479908271667691,1.0160918240357608,-10.908786869027098,-0.5668159725812573,-7.043152164435725,99.96388330915471
7060,-0.0025977873600311393,0.036587783972154515,1.0403595130758347,6.165012596715693,-13.001000914232566,2.9254543067644825,100.03017592515806
7080,-0.0065771787642625425,0.0046022730513180276,1.0535419218689401,-4.138450567249844,-15.03593325145702,10.521236318816861,99.9793143921732
7100,0.004306907556953284,-0.013813173848222199,0.9815705830286033,-6.822160670487744,19.271873460564223,-6.612130815586043,99.98521419148545
7120,0.045398210095982,-0.016759170798090462,0.9322573991890715,-17.489845668415782,9.619470640757296,0.3706349289863465,99.97832091551328
7140,0.0640525006163422,-0.02920652371568196,1.0154353842837422,16.739135593179302,6.773019909488086,-27.113303794216023,99.99718989636533
7160,-0.02970175210621285,0.01370737892621933,1.0778043033743663,5.373572275430152,-4.692653313067355,9.558937777571103,99.96377770880596
7180,-0.00452922161577909,0.09724645760737358,1.0108486322928565,-5.84908821903158,-0.7384166675502483,-0.5729393102609578,99.97225307581833
7200,0.059043642264153234,-0.019214424126797164,0.9840627248984433,6.027048541772423,6.309677409379217,-5.567972108243472,99.99227211386176
7220,-0.008294719204639941,0.0562395025240254,0.9706971459077255,-5.933623626592305,-18.6097312466623,4.262538451721794,100.00890374552458
7240,0.01582531308648778,-0.022958222140846474,0.9209231218138436,-5.529243988462693,1.053263533180209,-11.93831597037098,100.04110109811867
7260,0.007571532094177744,-0.16000307238248956,0.9806574902098065,9.41863536596445,6.590255711838477,-3.3452850275548345,100.0297749394258
7280,-0.061005806452461814,0.05166804246906727,0.9031734752826419,-6.061577425032601,3.3593724908611455,-6.519566006179831,100.01668343501409
7300,0.09249313533548964,-0.03963442647092946,0.9744209472869457,-2.6496143375026238,-1.2985265361813485,-25.00177695975103,100.03806192434382
7320,-0.03417633320317886,-0.026365181382627802,0.9068522374295128,1.2284340335030905,8.383077090182503,-0.7194994141177855,100.01091126454902
7340,0.02869156432087863,-0.07620934166197792,0.9903783556434899,-21.459186555974515,5.484170424353918,7.356548696031965,100.01765406370373
7360,0.014131397870558044,-0.021868065416688707,0.973571590580384,-2.2521592444503007,14.893514024376067,-6.5499988401461415,99.98174907855426
7380,-0.05258173635897093,0.02062503228504131,1.0043055005047437,-6.890633336288168,-17.03666218229232,-7.231278066016101,99.98062071881684
7400,0.002738599150391255,-0.016805042175794836,0.9411515753724551,-12.254425419011334,4.948334692922403,-1.1522238793579465,99.99845792416497
7420,0.05832877945698768,-0.026881242222525654,0.9851256435634845,-3.2616950757656324,13.673210436615477,4.908535989574758,99.98577116593454
7440,-0.027793535842980152,-0.11316933491612285,1.052887825787736,0.11171215103753887,0.24533473705297262,-12.747390501652509,99.96619492143451
7460,-0.053720767188481025,0.0445640244038363,1.1045405295617345,8.883788418696238,0.07256643583830515,-1.8236411399625356,99.99633699145083
7480,-0.11790172372830054,-0.044573009795723734,0.8942579655264398,5.180516393484796,-8.153332702568933,-18.200658720209894,99.98295217749246
7500,-0.022372424295310347,0.014436148225795687,1.063358554131998,19.92229236746568,-2.624379916619821,-11.731729813346304,99.99662418241203
7520,0.015799110040044084,-0.0005341580068290769,1.0812734062684741,-3.486711332735511,-0.7609707155848067,7.506315863613155,100.00012472565507
7540,0.042119591051231905,0.08341065746181792,0.9809231494434534,-0.9763960642109386,-12.882896336898256,-13.550588842693434,100.003458799766
7560,-0.00808872932948369,0.05158882819757663,0.992233194220372,4.584284915198331,13.05420340103492,13.820192991050806,99.99199184825378
7580,0.0520643895336267,-0.025934764483373163,0.9937079200264202,-6.195034396186079,6.298022290922158,-6.594463039720889,99.97974086318867
7600,0.053532893132378905,0.025162478946399603,0.9657673941762877,3.0203842160036665,0.2889831030366602,-7.33266193593721,99.99447960061136
7620,0.009282386105651626,-0.005314639477034004,1.01255222624108,-12.435258229477302,6.879436942159455,-26.022270415901787,100.00065179012779
7640,-0.017676165640539778,-0.10764909723827781,1.0277685169815012,-0.82808515213117,5.478144764994178,7.390692950480678,100.04350321452138
7660,-0.070853768759136,0.040914913232564215,0.9521029098084927,-6.904988184333129,14.582230176254303,3.3721828429624576,99.98012509224596
7680,-0.05926164344274949,0.0060816170575009165,0.9564765791355692,-9.979411894556398,-27.661099275816426,10.196807678338725,100.00489964083899
7700,0.04607779403409671,-0.050370894617260575,0.9654858527809358,-8.769005813038493,-2.154740338556532,10.900602431189748,99.98016163347074
7720,0.08403840970824124,0.078897892878626,1.0167475634819203,2.463925147630512,7.370130432600368,6.08760795956419,99.99749288521178
7740,-0.06478432671626885,-0.020080248911410983,1.0406797441570648,-6.165834362844982,-8.878436996970297,5.0317641521823315,100.01039281278278
7760,0.007028845752082235,0.06793402784325851,0.9407510477376606,23.113580142452353,-13.052021574677998,5.0746454038784865,100.03399788599492
7780,0.0274604296336777,-0.10021466819758754,1.058090689990517,-0.8729594363816086,27.436824890094417,-0.46558196221428005,99.96449798632882
7800,-0.06833376486130907,-0.08220195014503896,1.0136899072691237,11.32428775487076,-4.817380675790696,-5.199631076428323,99.99212522680834
7820,-0.01894130387735884,0.019176649540336668,0.9561073112590468,11.511282764522525,1.6583473810062104,-22.15833526664572,99.99552106473416
7840,0.010076563383100243,0.10598641745638973,0.9693638922649751,-9.209094403856458,1.3281499650509356,14.903537213379355,100.00541959560108
7860,0.1165143951308282,0.006352261379622039,0.9579470683891421,-0.7798472156134567,-20.692796169799056,24.42511584351835,99.991639895077
7880,-0.013878008186879676,0.0548416584419025,1.0228042224463814,5.538801410909905,14.079307451508583,-27.075967551988164,100.00712109920967
7900,0.04941847846000632,0.04021857875304091,1.1388906836370059,21.74950565693559,5.560449894875905,-12.730434336995902,100.03229526397368
7920,-0.051272647817296506,-0.009457168226690273,0.9364382612470782,7.094742344573856,-2.149462008953746,9.431629717756556,99.98463257491665
7940,0.022311526394699084,0.026329779451483105,0.9785759529762018,-2.0833983540406362,13.393218647819776,2.7489619488935144,100.01335480249122
7960,-0.024090064172692896,0.08100365695272857,1.0134228075670868,4.200881161935633,10.216910542136285,11.904368705409222,100.00621356906002
7980,-0.046081310117097755,-0.03294400215842173,0.9391479801233017,10.218272955131068,-2.1319468275974023,1.311196326946345,100.01336418917481
